N°,Fecha,Hora,ADC,Voltaje_V,Escala_%,Calidad,Sesion
1,2026-05-03,10:30:43.779,2056,1.6568,50.21,MODERADO,Sesión 03/05/2026 10:30
2,2026-05-03,10:30:43.848,2004,1.6149,48.94,MODERADO,Sesión 03/05/2026 10:30
3,2026-05-03,10:30:43.900,2107,1.6979,51.45,MODERADO,Sesión 03/05/2026 10:30
4,2026-05-03,10:30:44.070,2219,1.7882,54.19,MODERADO,Sesión 03/05/2026 10:30
5,2026-05-03,10:30:44.070,2247,1.8108,54.87,MODERADO,Sesión 03/05/2026 10:30
6,2026-05-03,10:30:44.144,2344,1.8889,57.24,MODERADO,Sesión 03/05/2026 10:30
7,2026-05-03,10:30:44.251,2353,1.8962,57.46,MODERADO,Sesión 03/05/2026 10:30
8,2026-05-03,10:30:44.304,2285,1.8414,55.8,MODERADO,Sesión 03/05/2026 10:30
9,2026-05-03,10:30:44.407,2532,2.0404,61.83,MODERADO,Sesión 03/05/2026 10:30
10,2026-05-03,10:30:44.459,2692,2.1694,65.74,MODERADO,Sesión 03/05/2026 10:30
11,2026-05-03,10:30:44.570,2650,2.1355,64.71,MODERADO,Sesión 03/05/2026 10:30
12,2026-05-03,10:30:44.627,2607,2.1009,63.66,MODERADO,Sesión 03/05/2026 10:30
13,2026-05-03,10:30:44.732,2738,2.2064,66.86,MALO,Sesión 03/05/2026 10:30
14,2026-05-03,10:30:44.786,2819,2.2717,68.84,MALO,Sesión 03/05/2026 10:30
15,2026-05-03,10:30:44.901,2831,2.2814,69.13,MALO,Sesión 03/05/2026 10:30
16,2026-05-03,10:30:44.962,2811,2.2653,68.64,MALO,Sesión 03/05/2026 10:30
17,2026-05-03,10:30:45.013,2861,2.3056,69.87,MALO,Sesión 03/05/2026 10:30
18,2026-05-03,10:30:45.117,3007,2.4232,73.43,MALO,Sesión 03/05/2026 10:30
19,2026-05-03,10:30:45.222,2992,2.4111,73.06,MALO,Sesión 03/05/2026 10:30
20,2026-05-03,10:30:45.274,2990,2.4095,73.02,MALO,Sesión 03/05/2026 10:30
21,2026-05-03,10:30:45.335,3015,2.4297,73.63,MALO,Sesión 03/05/2026 10:30
22,2026-05-03,10:30:45.438,3143,2.5328,76.75,MALO,Sesión 03/05/2026 10:30
23,2026-05-03,10:30:45.541,3025,2.4377,73.87,MALO,Sesión 03/05/2026 10:30
24,2026-05-03,10:30:45.593,3176,2.5594,77.56,MALO,Sesión 03/05/2026 10:30
25,2026-05-03,10:30:45.695,3175,2.5586,77.53,MALO,Sesión 03/05/2026 10:30
26,2026-05-03,10:30:45.746,3219,2.5941,78.61,MALO,Sesión 03/05/2026 10:30
27,2026-05-03,10:30:45.857,3170,2.5546,77.41,MALO,Sesión 03/05/2026 10:30
28,2026-05-03,10:30:45.912,3300,2.6593,80.59,MALO,Sesión 03/05/2026 10:30
29,2026-05-03,10:30:46.014,3260,2.6271,79.61,MALO,Sesión 03/05/2026 10:30
30,2026-05-03,10:30:46.065,3234,2.6062,78.97,MALO,Sesión 03/05/2026 10:30
31,2026-05-03,10:30:46.179,3222,2.5965,78.68,MALO,Sesión 03/05/2026 10:30
32,2026-05-03,10:30:46.243,3285,2.6473,80.22,MALO,Sesión 03/05/2026 10:30
33,2026-05-03,10:30:46.305,3217,2.5925,78.56,MALO,Sesión 03/05/2026 10:30
34,2026-05-03,10:30:46.418,3363,2.7101,82.12,MALO,Sesión 03/05/2026 10:30
35,2026-05-03,10:30:46.483,3445,2.7762,84.13,PELIGROSO,Sesión 03/05/2026 10:30
36,2026-05-03,10:30:46.546,3424,2.7593,83.61,PELIGROSO,Sesión 03/05/2026 10:30
37,2026-05-03,10:30:46.656,3375,2.7198,82.42,MALO,Sesión 03/05/2026 10:30
38,2026-05-03,10:30:46.714,3410,2.748,83.27,PELIGROSO,Sesión 03/05/2026 10:30
39,2026-05-03,10:30:46.824,3451,2.781,84.27,PELIGROSO,Sesión 03/05/2026 10:30
40,2026-05-03,10:30:46.875,3399,2.7391,83.0,MALO,Sesión 03/05/2026 10:30
41,2026-05-03,10:30:46.988,3335,2.6875,81.44,MALO,Sesión 03/05/2026 10:30
42,2026-05-03,10:30:47.049,3372,2.7174,82.34,MALO,Sesión 03/05/2026 10:30
43,2026-05-03,10:30:47.107,3398,2.7383,82.98,MALO,Sesión 03/05/2026 10:30
44,2026-05-03,10:30:47.222,3495,2.8165,85.35,PELIGROSO,Sesión 03/05/2026 10:30
45,2026-05-03,10:30:47.276,3426,2.7609,83.66,PELIGROSO,Sesión 03/05/2026 10:30
46,2026-05-03,10:30:47.400,3390,2.7319,82.78,MALO,Sesión 03/05/2026 10:30
47,2026-05-03,10:30:47.461,3303,2.6618,80.66,MALO,Sesión 03/05/2026 10:30
48,2026-05-03,10:30:47.520,3248,2.6174,79.32,MALO,Sesión 03/05/2026 10:30
49,2026-05-03,10:30:47.627,3258,2.6255,79.56,MALO,Sesión 03/05/2026 10:30
50,2026-05-03,10:30:47.691,3263,2.6295,79.68,MALO,Sesión 03/05/2026 10:30
51,2026-05-03,10:30:47.753,3209,2.586,78.36,MALO,Sesión 03/05/2026 10:30
52,2026-05-03,10:30:47.878,3190,2.5707,77.9,MALO,Sesión 03/05/2026 10:30
53,2026-05-03,10:30:47.940,3226,2.5997,78.78,MALO,Sesión 03/05/2026 10:30
54,2026-05-03,10:30:47.996,3271,2.636,79.88,MALO,Sesión 03/05/2026 10:30
55,2026-05-03,10:30:48.121,3149,2.5377,76.9,MALO,Sesión 03/05/2026 10:30
56,2026-05-03,10:30:48.175,3033,2.4442,74.07,MALO,Sesión 03/05/2026 10:30
57,2026-05-03,10:30:48.239,3135,2.5264,76.56,MALO,Sesión 03/05/2026 10:30
58,2026-05-03,10:30:48.346,2949,2.3765,72.01,MALO,Sesión 03/05/2026 10:30
59,2026-05-03,10:30:48.404,2976,2.3982,72.67,MALO,Sesión 03/05/2026 10:30
60,2026-05-03,10:30:48.525,2888,2.3273,70.53,MALO,Sesión 03/05/2026 10:30
61,2026-05-03,10:30:48.580,2855,2.3007,69.72,MALO,Sesión 03/05/2026 10:30
62,2026-05-03,10:30:48.633,2882,2.3225,70.38,MALO,Sesión 03/05/2026 10:30
63,2026-05-03,10:30:48.749,2938,2.3676,71.75,MALO,Sesión 03/05/2026 10:30
64,2026-05-03,10:30:48.805,2759,2.2234,67.37,MALO,Sesión 03/05/2026 10:30
65,2026-05-03,10:30:48.919,2670,2.1516,65.2,MODERADO,Sesión 03/05/2026 10:30
66,2026-05-03,10:30:48.972,2670,2.1516,65.2,MODERADO,Sesión 03/05/2026 10:30
67,2026-05-03,10:30:49.077,2616,2.1081,63.88,MODERADO,Sesión 03/05/2026 10:30
68,2026-05-03,10:30:49.130,2609,2.1025,63.71,MODERADO,Sesión 03/05/2026 10:30
69,2026-05-03,10:30:49.234,2689,2.167,65.67,MODERADO,Sesión 03/05/2026 10:30
70,2026-05-03,10:30:49.288,2470,1.9905,60.32,MODERADO,Sesión 03/05/2026 10:30
71,2026-05-03,10:30:49.392,2316,1.8664,56.56,MODERADO,Sesión 03/05/2026 10:30
72,2026-05-03,10:30:49.444,2364,1.9051,57.73,MODERADO,Sesión 03/05/2026 10:30
73,2026-05-03,10:30:49.548,2259,1.8204,55.16,MODERADO,Sesión 03/05/2026 10:30
74,2026-05-03,10:30:49.602,2309,1.8607,56.39,MODERADO,Sesión 03/05/2026 10:30
75,2026-05-03,10:30:49.706,2158,1.739,52.7,MODERADO,Sesión 03/05/2026 10:30
76,2026-05-03,10:30:49.764,2193,1.7673,53.55,MODERADO,Sesión 03/05/2026 10:30
77,2026-05-03,10:30:49.870,2053,1.6544,50.13,MODERADO,Sesión 03/05/2026 10:30
78,2026-05-03,10:30:49.923,1969,1.5867,48.08,BUENO,Sesión 03/05/2026 10:30
79,2026-05-03,10:30:50.027,2019,1.627,49.3,MODERADO,Sesión 03/05/2026 10:30
80,2026-05-03,10:30:50.079,1883,1.5174,45.98,BUENO,Sesión 03/05/2026 10:30
81,2026-05-03,10:30:50.184,1933,1.5577,47.2,BUENO,Sesión 03/05/2026 10:30
82,2026-05-03,10:30:50.236,1897,1.5287,46.32,BUENO,Sesión 03/05/2026 10:30
83,2026-05-03,10:30:50.341,1803,1.453,44.03,BUENO,Sesión 03/05/2026 10:30
84,2026-05-03,10:30:50.394,1624,1.3087,39.66,BUENO,Sesión 03/05/2026 10:30
85,2026-05-03,10:30:50.508,1665,1.3418,40.66,BUENO,Sesión 03/05/2026 10:30
86,2026-05-03,10:30:50.563,1736,1.399,42.39,BUENO,Sesión 03/05/2026 10:30
87,2026-05-03,10:30:50.680,1633,1.316,39.88,BUENO,Sesión 03/05/2026 10:30
88,2026-05-03,10:30:50.746,1462,1.1782,35.7,BUENO,Sesión 03/05/2026 10:30
89,2026-05-03,10:30:50.805,1543,1.2434,37.68,BUENO,Sesión 03/05/2026 10:30
90,2026-05-03,10:30:50.913,1452,1.1701,35.46,BUENO,Sesión 03/05/2026 10:30
91,2026-05-03,10:30:50.966,1286,1.0363,31.4,BUENO,Sesión 03/05/2026 10:30
92,2026-05-03,10:30:51.070,1276,1.0283,31.16,BUENO,Sesión 03/05/2026 10:30
93,2026-05-03,10:30:51.122,1274,1.0267,31.11,BUENO,Sesión 03/05/2026 10:30
94,2026-05-03,10:30:51.227,1242,1.0009,30.33,BUENO,Sesión 03/05/2026 10:30
95,2026-05-03,10:30:51.294,1073,0.8647,26.2,EXCELENTE,Sesión 03/05/2026 10:30
96,2026-05-03,10:30:51.404,1099,0.8856,26.84,EXCELENTE,Sesión 03/05/2026 10:30
97,2026-05-03,10:30:51.457,1077,0.8679,26.3,EXCELENTE,Sesión 03/05/2026 10:30
98,2026-05-03,10:30:51.522,1040,0.8381,25.4,EXCELENTE,Sesión 03/05/2026 10:30
99,2026-05-03,10:30:51.640,959,0.7728,23.42,EXCELENTE,Sesión 03/05/2026 10:30
100,2026-05-03,10:30:51.704,913,0.7358,22.3,EXCELENTE,Sesión 03/05/2026 10:30
101,2026-05-03,10:30:51.769,926,0.7462,22.61,EXCELENTE,Sesión 03/05/2026 10:30
102,2026-05-03,10:30:51.888,854,0.6882,20.85,EXCELENTE,Sesión 03/05/2026 10:30
103,2026-05-03,10:30:51.951,830,0.6689,20.27,EXCELENTE,Sesión 03/05/2026 10:30
104,2026-05-03,10:30:52.004,802,0.6463,19.58,EXCELENTE,Sesión 03/05/2026 10:30
105,2026-05-03,10:30:52.126,761,0.6133,18.58,EXCELENTE,Sesión 03/05/2026 10:30
106,2026-05-03,10:30:52.183,786,0.6334,19.19,EXCELENTE,Sesión 03/05/2026 10:30
107,2026-05-03,10:30:52.285,825,0.6648,20.15,EXCELENTE,Sesión 03/05/2026 10:30
108,2026-05-03,10:30:52.346,733,0.5907,17.9,EXCELENTE,Sesión 03/05/2026 10:30
109,2026-05-03,10:30:52.449,661,0.5327,16.14,EXCELENTE,Sesión 03/05/2026 10:30
110,2026-05-03,10:30:52.500,637,0.5133,15.56,EXCELENTE,Sesión 03/05/2026 10:30
111,2026-05-03,10:30:52.604,611,0.4924,14.92,EXCELENTE,Sesión 03/05/2026 10:30
112,2026-05-03,10:30:52.655,682,0.5496,16.65,EXCELENTE,Sesión 03/05/2026 10:30
113,2026-05-03,10:30:52.759,594,0.4787,14.51,EXCELENTE,Sesión 03/05/2026 10:30
114,2026-05-03,10:30:52.811,598,0.4819,14.6,EXCELENTE,Sesión 03/05/2026 10:30
115,2026-05-03,10:30:52.914,628,0.5061,15.34,EXCELENTE,Sesión 03/05/2026 10:30
116,2026-05-03,10:30:53.017,618,0.498,15.09,EXCELENTE,Sesión 03/05/2026 10:30
117,2026-05-03,10:30:53.069,575,0.4634,14.04,EXCELENTE,Sesión 03/05/2026 10:30
118,2026-05-03,10:30:53.140,649,0.523,15.85,EXCELENTE,Sesión 03/05/2026 10:30
119,2026-05-03,10:30:53.253,593,0.4779,14.48,EXCELENTE,Sesión 03/05/2026 10:30
120,2026-05-03,10:30:53.305,588,0.4738,14.36,EXCELENTE,Sesión 03/05/2026 10:30
121,2026-05-03,10:30:53.408,560,0.4513,13.68,EXCELENTE,Sesión 03/05/2026 10:30
122,2026-05-03,10:30:53.460,525,0.4231,12.82,EXCELENTE,Sesión 03/05/2026 10:30
123,2026-05-03,10:30:53.563,702,0.5657,17.14,EXCELENTE,Sesión 03/05/2026 10:30
124,2026-05-03,10:30:53.614,534,0.4303,13.04,EXCELENTE,Sesión 03/05/2026 10:30
125,2026-05-03,10:30:53.726,665,0.5359,16.24,EXCELENTE,Sesión 03/05/2026 10:30
126,2026-05-03,10:30:53.778,667,0.5375,16.29,EXCELENTE,Sesión 03/05/2026 10:30
127,2026-05-03,10:30:53.880,646,0.5206,15.78,EXCELENTE,Sesión 03/05/2026 10:30
128,2026-05-03,10:30:53.933,776,0.6253,18.95,EXCELENTE,Sesión 03/05/2026 10:30
129,2026-05-03,10:30:54.037,883,0.7116,21.56,EXCELENTE,Sesión 03/05/2026 10:30
130,2026-05-03,10:30:54.140,785,0.6326,19.17,EXCELENTE,Sesión 03/05/2026 10:30
131,2026-05-03,10:30:54.202,863,0.6955,21.07,EXCELENTE,Sesión 03/05/2026 10:30
132,2026-05-03,10:30:54.264,726,0.5851,17.73,EXCELENTE,Sesión 03/05/2026 10:30
133,2026-05-03,10:30:54.367,854,0.6882,20.85,EXCELENTE,Sesión 03/05/2026 10:30
134,2026-05-03,10:30:54.420,911,0.7341,22.25,EXCELENTE,Sesión 03/05/2026 10:30
135,2026-05-03,10:30:54.522,838,0.6753,20.46,EXCELENTE,Sesión 03/05/2026 10:30
136,2026-05-03,10:30:54.574,1022,0.8236,24.96,EXCELENTE,Sesión 03/05/2026 10:30
137,2026-05-03,10:30:54.677,923,0.7438,22.54,EXCELENTE,Sesión 03/05/2026 10:30
138,2026-05-03,10:30:54.780,1064,0.8574,25.98,EXCELENTE,Sesión 03/05/2026 10:30
139,2026-05-03,10:30:54.833,1039,0.8373,25.37,EXCELENTE,Sesión 03/05/2026 10:30
140,2026-05-03,10:30:54.945,1179,0.9501,28.79,EXCELENTE,Sesión 03/05/2026 10:30
141,2026-05-03,10:30:55.005,1209,0.9743,29.52,BUENO,Sesión 03/05/2026 10:30
142,2026-05-03,10:30:55.067,1098,0.8848,26.81,EXCELENTE,Sesión 03/05/2026 10:30
143,2026-05-03,10:30:55.171,1299,1.0468,31.72,BUENO,Sesión 03/05/2026 10:30
144,2026-05-03,10:30:55.223,1228,0.9896,29.99,BUENO,Sesión 03/05/2026 10:30
145,2026-05-03,10:30:55.334,1411,1.1371,34.46,BUENO,Sesión 03/05/2026 10:30
146,2026-05-03,10:30:55.386,1484,1.1959,36.24,BUENO,Sesión 03/05/2026 10:30
147,2026-05-03,10:30:55.499,1357,1.0936,33.14,BUENO,Sesión 03/05/2026 10:30
148,2026-05-03,10:30:55.551,1521,1.2257,37.14,BUENO,Sesión 03/05/2026 10:30
149,2026-05-03,10:30:55.653,1640,1.3216,40.05,BUENO,Sesión 03/05/2026 10:30
150,2026-05-03,10:30:55.705,1519,1.2241,37.09,BUENO,Sesión 03/05/2026 10:30
151,2026-05-03,10:30:55.817,1636,1.3184,39.95,BUENO,Sesión 03/05/2026 10:30
152,2026-05-03,10:30:55.870,1641,1.3224,40.07,BUENO,Sesión 03/05/2026 10:30
153,2026-05-03,10:30:55.972,1862,1.5005,45.47,BUENO,Sesión 03/05/2026 10:30
154,2026-05-03,10:30:56.026,1935,1.5593,47.25,BUENO,Sesión 03/05/2026 10:30
155,2026-05-03,10:30:56.129,1883,1.5174,45.98,BUENO,Sesión 03/05/2026 10:30
156,2026-05-03,10:30:56.182,2049,1.6512,50.04,MODERADO,Sesión 03/05/2026 10:30
157,2026-05-03,10:30:56.286,2010,1.6198,49.08,MODERADO,Sesión 03/05/2026 10:30
158,2026-05-03,10:30:56.389,2168,1.7471,52.94,MODERADO,Sesión 03/05/2026 10:30
159,2026-05-03,10:30:56.441,2058,1.6585,50.26,MODERADO,Sesión 03/05/2026 10:30
160,2026-05-03,10:30:56.546,2094,1.6875,51.14,MODERADO,Sesión 03/05/2026 10:30
161,2026-05-03,10:30:56.608,2114,1.7036,51.62,MODERADO,Sesión 03/05/2026 10:30
162,2026-05-03,10:30:56.719,2338,1.8841,57.09,MODERADO,Sesión 03/05/2026 10:30
163,2026-05-03,10:30:56.780,2264,1.8245,55.29,MODERADO,Sesión 03/05/2026 10:30
164,2026-05-03,10:30:56.832,2595,2.0912,63.37,MODERADO,Sesión 03/05/2026 10:30
165,2026-05-03,10:30:56.941,2527,2.0364,61.71,MODERADO,Sesión 03/05/2026 10:30
166,2026-05-03,10:30:57.002,2494,2.0098,60.9,MODERADO,Sesión 03/05/2026 10:30
167,2026-05-03,10:30:57.107,2452,1.976,59.88,MODERADO,Sesión 03/05/2026 10:30
168,2026-05-03,10:30:57.159,2513,2.0251,61.37,MODERADO,Sesión 03/05/2026 10:30
169,2026-05-03,10:30:57.261,2715,2.1879,66.3,MALO,Sesión 03/05/2026 10:30
170,2026-05-03,10:30:57.313,2729,2.1992,66.64,MALO,Sesión 03/05/2026 10:30
171,2026-05-03,10:30:57.428,2740,2.2081,66.91,MALO,Sesión 03/05/2026 10:30
172,2026-05-03,10:30:57.479,2853,2.2991,69.67,MALO,Sesión 03/05/2026 10:30
173,2026-05-03,10:30:57.583,2874,2.316,70.18,MALO,Sesión 03/05/2026 10:30
174,2026-05-03,10:30:57.635,2831,2.2814,69.13,MALO,Sesión 03/05/2026 10:30
175,2026-05-03,10:30:57.737,2888,2.3273,70.53,MALO,Sesión 03/05/2026 10:30
176,2026-05-03,10:30:57.789,2960,2.3853,72.28,MALO,Sesión 03/05/2026 10:30
177,2026-05-03,10:30:57.894,2966,2.3902,72.43,MALO,Sesión 03/05/2026 10:30
178,2026-05-03,10:30:57.956,2959,2.3845,72.26,MALO,Sesión 03/05/2026 10:30
179,2026-05-03,10:30:58.060,2953,2.3797,72.11,MALO,Sesión 03/05/2026 10:30
180,2026-05-03,10:30:58.112,3070,2.474,74.97,MALO,Sesión 03/05/2026 10:30
181,2026-05-03,10:30:58.226,3071,2.4748,74.99,MALO,Sesión 03/05/2026 10:30
182,2026-05-03,10:30:58.287,3085,2.4861,75.34,MALO,Sesión 03/05/2026 10:30
183,2026-05-03,10:30:58.392,3272,2.6368,79.9,MALO,Sesión 03/05/2026 10:30
184,2026-05-03,10:30:58.444,3251,2.6199,79.39,MALO,Sesión 03/05/2026 10:30
185,2026-05-03,10:30:58.548,3300,2.6593,80.59,MALO,Sesión 03/05/2026 10:30
186,2026-05-03,10:30:58.600,3358,2.7061,82.0,MALO,Sesión 03/05/2026 10:30
187,2026-05-03,10:30:58.702,3296,2.6561,80.49,MALO,Sesión 03/05/2026 10:30
188,2026-05-03,10:30:58.753,3401,2.7407,83.05,PELIGROSO,Sesión 03/05/2026 10:30
189,2026-05-03,10:30:58.866,3364,2.7109,82.15,MALO,Sesión 03/05/2026 10:30
190,2026-05-03,10:30:58.918,3380,2.7238,82.54,MALO,Sesión 03/05/2026 10:30
191,2026-05-03,10:30:59.032,3220,2.5949,78.63,MALO,Sesión 03/05/2026 10:30
192,2026-05-03,10:30:59.084,3341,2.6924,81.59,MALO,Sesión 03/05/2026 10:30
193,2026-05-03,10:30:59.188,3369,2.7149,82.27,MALO,Sesión 03/05/2026 10:30
194,2026-05-03,10:30:59.241,3473,2.7988,84.81,PELIGROSO,Sesión 03/05/2026 10:30
195,2026-05-03,10:30:59.321,3338,2.69,81.51,MALO,Sesión 03/05/2026 10:30
196,2026-05-03,10:30:59.440,3276,2.64,80.0,MALO,Sesión 03/05/2026 10:30
197,2026-05-03,10:30:59.494,3382,2.7254,82.59,MALO,Sesión 03/05/2026 10:30
198,2026-05-03,10:30:59.566,3375,2.7198,82.42,MALO,Sesión 03/05/2026 10:30
199,2026-05-03,10:30:59.649,3431,2.7649,83.79,PELIGROSO,Sesión 03/05/2026 10:30
200,2026-05-03,10:30:59.727,3289,2.6505,80.32,MALO,Sesión 03/05/2026 10:30
201,2026-05-03,10:30:59.834,3313,2.6698,80.9,MALO,Sesión 03/05/2026 10:30
202,2026-05-03,10:30:59.892,3402,2.7415,83.08,PELIGROSO,Sesión 03/05/2026 10:30
203,2026-05-03,10:30:59.999,3317,2.673,81.0,MALO,Sesión 03/05/2026 10:30
204,2026-05-03,10:31:00.056,3376,2.7206,82.44,MALO,Sesión 03/05/2026 10:30
205,2026-05-03,10:31:00.167,3248,2.6174,79.32,MALO,Sesión 03/05/2026 10:30
206,2026-05-03,10:31:00.218,3343,2.694,81.64,MALO,Sesión 03/05/2026 10:30
207,2026-05-03,10:31:00.321,3253,2.6215,79.44,MALO,Sesión 03/05/2026 10:30
208,2026-05-03,10:31:00.373,3272,2.6368,79.9,MALO,Sesión 03/05/2026 10:30
209,2026-05-03,10:31:00.485,3140,2.5304,76.68,MALO,Sesión 03/05/2026 10:30
210,2026-05-03,10:31:00.537,3235,2.607,79.0,MALO,Sesión 03/05/2026 10:30
211,2026-05-03,10:31:00.649,3275,2.6392,79.98,MALO,Sesión 03/05/2026 10:30
212,2026-05-03,10:31:00.701,3176,2.5594,77.56,MALO,Sesión 03/05/2026 10:30
213,2026-05-03,10:31:00.805,3121,2.5151,76.21,MALO,Sesión 03/05/2026 10:30
214,2026-05-03,10:31:00.857,3029,2.441,73.97,MALO,Sesión 03/05/2026 10:30
215,2026-05-03,10:31:00.961,3168,2.553,77.36,MALO,Sesión 03/05/2026 10:30
216,2026-05-03,10:31:01.022,3091,2.4909,75.48,MALO,Sesión 03/05/2026 10:30
217,2026-05-03,10:31:01.125,2977,2.399,72.7,MALO,Sesión 03/05/2026 10:30
218,2026-05-03,10:31:01.177,2915,2.3491,71.18,MALO,Sesión 03/05/2026 10:30
219,2026-05-03,10:31:01.280,2931,2.362,71.58,MALO,Sesión 03/05/2026 10:30
220,2026-05-03,10:31:01.331,2790,2.2484,68.13,MALO,Sesión 03/05/2026 10:30
221,2026-05-03,10:31:01.445,2763,2.2266,67.47,MALO,Sesión 03/05/2026 10:30
222,2026-05-03,10:31:01.497,2677,2.1573,65.37,MODERADO,Sesión 03/05/2026 10:30
223,2026-05-03,10:31:01.610,2692,2.1694,65.74,MODERADO,Sesión 03/05/2026 10:30
224,2026-05-03,10:31:01.670,2519,2.03,61.51,MODERADO,Sesión 03/05/2026 10:30
225,2026-05-03,10:31:01.773,2511,2.0235,61.32,MODERADO,Sesión 03/05/2026 10:30
226,2026-05-03,10:31:01.835,2522,2.0324,61.59,MODERADO,Sesión 03/05/2026 10:30
227,2026-05-03,10:31:01.886,2368,1.9083,57.83,MODERADO,Sesión 03/05/2026 10:30
228,2026-05-03,10:31:01.999,2431,1.959,59.37,MODERADO,Sesión 03/05/2026 10:30
229,2026-05-03,10:31:02.050,2350,1.8938,57.39,MODERADO,Sesión 03/05/2026 10:30
230,2026-05-03,10:31:02.154,2364,1.9051,57.73,MODERADO,Sesión 03/05/2026 10:30
231,2026-05-03,10:31:02.256,2247,1.8108,54.87,MODERADO,Sesión 03/05/2026 10:30
232,2026-05-03,10:31:02.348,2233,1.7995,54.53,MODERADO,Sesión 03/05/2026 10:30
233,2026-05-03,10:31:02.410,2135,1.7205,52.14,MODERADO,Sesión 03/05/2026 10:30
234,2026-05-03,10:31:02.467,2132,1.7181,52.06,MODERADO,Sesión 03/05/2026 10:30
235,2026-05-03,10:31:02.570,1972,1.5892,48.16,BUENO,Sesión 03/05/2026 10:30
236,2026-05-03,10:31:02.622,2035,1.6399,49.69,MODERADO,Sesión 03/05/2026 10:30
237,2026-05-03,10:31:02.725,1833,1.4771,44.76,BUENO,Sesión 03/05/2026 10:30
238,2026-05-03,10:31:02.785,1840,1.4828,44.93,BUENO,Sesión 03/05/2026 10:30
239,2026-05-03,10:31:02.888,1842,1.4844,44.98,BUENO,Sesión 03/05/2026 10:30
240,2026-05-03,10:31:02.939,1753,1.4127,42.81,BUENO,Sesión 03/05/2026 10:30
241,2026-05-03,10:31:03.052,1607,1.295,39.24,BUENO,Sesión 03/05/2026 10:30
242,2026-05-03,10:31:03.104,1516,1.2217,37.02,BUENO,Sesión 03/05/2026 10:30
243,2026-05-03,10:31:03.222,1715,1.3821,41.88,BUENO,Sesión 03/05/2026 10:30
244,2026-05-03,10:31:03.286,1478,1.1911,36.09,BUENO,Sesión 03/05/2026 10:30
245,2026-05-03,10:31:03.343,1608,1.2958,39.27,BUENO,Sesión 03/05/2026 10:30
246,2026-05-03,10:31:03.447,1486,1.1975,36.29,BUENO,Sesión 03/05/2026 10:30
247,2026-05-03,10:31:03.499,1369,1.1032,33.43,BUENO,Sesión 03/05/2026 10:30
248,2026-05-03,10:31:03.612,1393,1.1226,34.02,BUENO,Sesión 03/05/2026 10:30
249,2026-05-03,10:31:03.670,1283,1.0339,31.33,BUENO,Sesión 03/05/2026 10:30
250,2026-05-03,10:31:03.788,1308,1.0541,31.94,BUENO,Sesión 03/05/2026 10:30
251,2026-05-03,10:31:03.853,1153,0.9292,28.16,EXCELENTE,Sesión 03/05/2026 10:30
252,2026-05-03,10:31:03.907,1233,0.9936,30.11,BUENO,Sesión 03/05/2026 10:30
253,2026-05-03,10:31:04.034,1128,0.909,27.55,EXCELENTE,Sesión 03/05/2026 10:30
254,2026-05-03,10:31:04.088,979,0.7889,23.91,EXCELENTE,Sesión 03/05/2026 10:30
255,2026-05-03,10:31:04.150,1060,0.8542,25.89,EXCELENTE,Sesión 03/05/2026 10:30
256,2026-05-03,10:31:04.268,931,0.7503,22.74,EXCELENTE,Sesión 03/05/2026 10:30
257,2026-05-03,10:31:04.322,919,0.7406,22.44,EXCELENTE,Sesión 03/05/2026 10:30
258,2026-05-03,10:31:04.386,858,0.6914,20.95,EXCELENTE,Sesión 03/05/2026 10:30
259,2026-05-03,10:31:04.508,961,0.7744,23.47,EXCELENTE,Sesión 03/05/2026 10:30
260,2026-05-03,10:31:04.560,756,0.6092,18.46,EXCELENTE,Sesión 03/05/2026 10:30
261,2026-05-03,10:31:04.623,805,0.6487,19.66,EXCELENTE,Sesión 03/05/2026 10:30
262,2026-05-03,10:31:04.725,730,0.5883,17.83,EXCELENTE,Sesión 03/05/2026 10:30
263,2026-05-03,10:31:04.827,773,0.6229,18.88,EXCELENTE,Sesión 03/05/2026 10:30
264,2026-05-03,10:31:04.879,679,0.5472,16.58,EXCELENTE,Sesión 03/05/2026 10:30
265,2026-05-03,10:31:04.982,744,0.5996,18.17,EXCELENTE,Sesión 03/05/2026 10:30
266,2026-05-03,10:31:05.034,808,0.6511,19.73,EXCELENTE,Sesión 03/05/2026 10:30
267,2026-05-03,10:31:05.137,681,0.5488,16.63,EXCELENTE,Sesión 03/05/2026 10:30
268,2026-05-03,10:31:05.188,654,0.527,15.97,EXCELENTE,Sesión 03/05/2026 10:30
269,2026-05-03,10:31:05.291,640,0.5158,15.63,EXCELENTE,Sesión 03/05/2026 10:30
270,2026-05-03,10:31:05.343,524,0.4223,12.8,EXCELENTE,Sesión 03/05/2026 10:30
271,2026-05-03,10:31:05.447,617,0.4972,15.07,EXCELENTE,Sesión 03/05/2026 10:30
272,2026-05-03,10:31:05.552,564,0.4545,13.77,EXCELENTE,Sesión 03/05/2026 10:30
273,2026-05-03,10:31:05.604,606,0.4884,14.8,EXCELENTE,Sesión 03/05/2026 10:30
274,2026-05-03,10:31:05.709,568,0.4577,13.87,EXCELENTE,Sesión 03/05/2026 10:30
275,2026-05-03,10:31:05.766,581,0.4682,14.19,EXCELENTE,Sesión 03/05/2026 10:30
276,2026-05-03,10:31:05.838,590,0.4755,14.41,EXCELENTE,Sesión 03/05/2026 10:30
277,2026-05-03,10:31:05.948,590,0.4755,14.41,EXCELENTE,Sesión 03/05/2026 10:30
278,2026-05-03,10:31:06.000,648,0.5222,15.82,EXCELENTE,Sesión 03/05/2026 10:30
279,2026-05-03,10:31:06.105,658,0.5303,16.07,EXCELENTE,Sesión 03/05/2026 10:30
280,2026-05-03,10:31:06.165,608,0.49,14.85,EXCELENTE,Sesión 03/05/2026 10:30
281,2026-05-03,10:31:06.227,674,0.5432,16.46,EXCELENTE,Sesión 03/05/2026 10:30
282,2026-05-03,10:31:06.333,657,0.5295,16.04,EXCELENTE,Sesión 03/05/2026 10:30
283,2026-05-03,10:31:06.393,556,0.4481,13.58,EXCELENTE,Sesión 03/05/2026 10:30
284,2026-05-03,10:31:06.469,712,0.5738,17.39,EXCELENTE,Sesión 03/05/2026 10:30
285,2026-05-03,10:31:06.587,851,0.6858,20.78,EXCELENTE,Sesión 03/05/2026 10:30
286,2026-05-03,10:31:06.651,737,0.5939,18.0,EXCELENTE,Sesión 03/05/2026 10:30
287,2026-05-03,10:31:06.756,780,0.6286,19.05,EXCELENTE,Sesión 03/05/2026 10:30
288,2026-05-03,10:31:06.808,741,0.5971,18.1,EXCELENTE,Sesión 03/05/2026 10:30
289,2026-05-03,10:31:06.913,838,0.6753,20.46,EXCELENTE,Sesión 03/05/2026 10:30
290,2026-05-03,10:31:06.965,814,0.656,19.88,EXCELENTE,Sesión 03/05/2026 10:30
291,2026-05-03,10:31:07.078,848,0.6834,20.71,EXCELENTE,Sesión 03/05/2026 10:30
292,2026-05-03,10:31:07.130,954,0.7688,23.3,EXCELENTE,Sesión 03/05/2026 10:30
293,2026-05-03,10:31:07.232,887,0.7148,21.66,EXCELENTE,Sesión 03/05/2026 10:30
294,2026-05-03,10:31:07.284,970,0.7817,23.69,EXCELENTE,Sesión 03/05/2026 10:30
295,2026-05-03,10:31:07.389,957,0.7712,23.37,EXCELENTE,Sesión 03/05/2026 10:30
296,2026-05-03,10:31:07.449,1107,0.8921,27.03,EXCELENTE,Sesión 03/05/2026 10:30
297,2026-05-03,10:31:07.554,1177,0.9485,28.74,EXCELENTE,Sesión 03/05/2026 10:30
298,2026-05-03,10:31:07.605,1142,0.9203,27.89,EXCELENTE,Sesión 03/05/2026 10:30
299,2026-05-03,10:31:07.719,1199,0.9662,29.28,EXCELENTE,Sesión 03/05/2026 10:30
300,2026-05-03,10:31:07.771,1223,0.9856,29.87,BUENO,Sesión 03/05/2026 10:30
301,2026-05-03,10:31:07.885,1133,0.913,27.67,EXCELENTE,Sesión 03/05/2026 10:30
302,2026-05-03,10:31:07.937,1418,1.1427,34.63,BUENO,Sesión 03/05/2026 10:30
303,2026-05-03,10:31:08.049,1485,1.1967,36.26,BUENO,Sesión 03/05/2026 10:30
304,2026-05-03,10:31:08.111,1455,1.1725,35.53,BUENO,Sesión 03/05/2026 10:30
305,2026-05-03,10:31:08.164,1458,1.1749,35.6,BUENO,Sesión 03/05/2026 10:30
306,2026-05-03,10:31:08.276,1562,1.2588,38.14,BUENO,Sesión 03/05/2026 10:30
307,2026-05-03,10:31:08.337,1608,1.2958,39.27,BUENO,Sesión 03/05/2026 10:30
308,2026-05-03,10:31:08.442,1670,1.3458,40.78,BUENO,Sesión 03/05/2026 10:30
309,2026-05-03,10:31:08.495,1697,1.3675,41.44,BUENO,Sesión 03/05/2026 10:30
310,2026-05-03,10:31:08.606,1826,1.4715,44.59,BUENO,Sesión 03/05/2026 10:30
311,2026-05-03,10:31:08.659,1879,1.5142,45.89,BUENO,Sesión 03/05/2026 10:30
312,2026-05-03,10:31:08.763,1840,1.4828,44.93,BUENO,Sesión 03/05/2026 10:30
313,2026-05-03,10:31:08.815,1933,1.5577,47.2,BUENO,Sesión 03/05/2026 10:30
314,2026-05-03,10:31:08.928,1879,1.5142,45.89,BUENO,Sesión 03/05/2026 10:30
315,2026-05-03,10:31:09.024,2074,1.6714,50.65,MODERADO,Sesión 03/05/2026 10:30
316,2026-05-03,10:31:09.102,2128,1.7149,51.97,MODERADO,Sesión 03/05/2026 10:30
317,2026-05-03,10:31:09.167,2178,1.7552,53.19,MODERADO,Sesión 03/05/2026 10:30
318,2026-05-03,10:31:09.223,2241,1.8059,54.73,MODERADO,Sesión 03/05/2026 10:30
319,2026-05-03,10:31:09.333,2289,1.8446,55.9,MODERADO,Sesión 03/05/2026 10:30
320,2026-05-03,10:31:09.390,2277,1.8349,55.6,MODERADO,Sesión 03/05/2026 10:30
321,2026-05-03,10:31:09.450,2353,1.8962,57.46,MODERADO,Sesión 03/05/2026 10:30
322,2026-05-03,10:31:09.560,2522,2.0324,61.59,MODERADO,Sesión 03/05/2026 10:30
323,2026-05-03,10:31:09.622,2476,1.9953,60.46,MODERADO,Sesión 03/05/2026 10:30
324,2026-05-03,10:31:09.686,2519,2.03,61.51,MODERADO,Sesión 03/05/2026 10:30
325,2026-05-03,10:31:09.806,2602,2.0968,63.54,MODERADO,Sesión 03/05/2026 10:30
326,2026-05-03,10:31:09.866,2658,2.142,64.91,MODERADO,Sesión 03/05/2026 10:30
327,2026-05-03,10:31:09.923,2709,2.1831,66.15,MALO,Sesión 03/05/2026 10:30
328,2026-05-03,10:31:10.035,2830,2.2806,69.11,MALO,Sesión 03/05/2026 10:30
329,2026-05-03,10:31:10.092,2923,2.3555,71.38,MALO,Sesión 03/05/2026 10:30
330,2026-05-03,10:31:10.201,2875,2.3168,70.21,MALO,Sesión 03/05/2026 10:30
331,2026-05-03,10:31:10.258,2906,2.3418,70.96,MALO,Sesión 03/05/2026 10:30
332,2026-05-03,10:31:10.368,2932,2.3628,71.6,MALO,Sesión 03/05/2026 10:30
333,2026-05-03,10:31:10.457,2995,2.4136,73.14,MALO,Sesión 03/05/2026 10:30
334,2026-05-03,10:31:10.536,2924,2.3563,71.4,MALO,Sesión 03/05/2026 10:30
335,2026-05-03,10:31:10.596,2999,2.4168,73.24,MALO,Sesión 03/05/2026 10:30
336,2026-05-03,10:31:10.658,3025,2.4377,73.87,MALO,Sesión 03/05/2026 10:30
337,2026-05-03,10:31:10.770,3160,2.5465,77.17,MALO,Sesión 03/05/2026 10:30
338,2026-05-03,10:31:10.831,3186,2.5675,77.8,MALO,Sesión 03/05/2026 10:30
339,2026-05-03,10:31:10.892,3103,2.5006,75.78,MALO,Sesión 03/05/2026 10:30
340,2026-05-03,10:31:11.006,3174,2.5578,77.51,MALO,Sesión 03/05/2026 10:30
341,2026-05-03,10:31:11.068,3238,2.6094,79.07,MALO,Sesión 03/05/2026 10:30
342,2026-05-03,10:31:11.183,3248,2.6174,79.32,MALO,Sesión 03/05/2026 10:30
343,2026-05-03,10:31:11.242,3215,2.5908,78.51,MALO,Sesión 03/05/2026 10:30
344,2026-05-03,10:31:11.305,3287,2.6489,80.27,MALO,Sesión 03/05/2026 10:30
345,2026-05-03,10:31:11.420,3296,2.6561,80.49,MALO,Sesión 03/05/2026 10:30
346,2026-05-03,10:31:11.477,3268,2.6336,79.8,MALO,Sesión 03/05/2026 10:30
347,2026-05-03,10:31:11.534,3377,2.7214,82.47,MALO,Sesión 03/05/2026 10:30
348,2026-05-03,10:31:11.648,3353,2.7021,81.88,MALO,Sesión 03/05/2026 10:30
349,2026-05-03,10:31:11.706,3387,2.7295,82.71,MALO,Sesión 03/05/2026 10:30
350,2026-05-03,10:31:11.815,3402,2.7415,83.08,PELIGROSO,Sesión 03/05/2026 10:30
351,2026-05-03,10:31:11.874,3474,2.7996,84.84,PELIGROSO,Sesión 03/05/2026 10:30
352,2026-05-03,10:31:11.990,3372,2.7174,82.34,MALO,Sesión 03/05/2026 10:30
353,2026-05-03,10:31:12.048,3429,2.7633,83.74,PELIGROSO,Sesión 03/05/2026 10:30
354,2026-05-03,10:31:12.107,3374,2.719,82.39,MALO,Sesión 03/05/2026 10:30
355,2026-05-03,10:31:12.217,3420,2.756,83.52,PELIGROSO,Sesión 03/05/2026 10:30
356,2026-05-03,10:31:12.281,3407,2.7456,83.2,PELIGROSO,Sesión 03/05/2026 10:30
357,2026-05-03,10:31:12.344,3450,2.7802,84.25,PELIGROSO,Sesión 03/05/2026 10:30
358,2026-05-03,10:31:12.456,3373,2.7182,82.37,MALO,Sesión 03/05/2026 10:30
359,2026-05-03,10:31:12.515,3387,2.7295,82.71,MALO,Sesión 03/05/2026 10:30
360,2026-05-03,10:31:12.628,3286,2.6481,80.24,MALO,Sesión 03/05/2026 10:30
361,2026-05-03,10:31:12.689,3330,2.6835,81.32,MALO,Sesión 03/05/2026 10:30
362,2026-05-03,10:31:12.748,3308,2.6658,80.78,MALO,Sesión 03/05/2026 10:30
363,2026-05-03,10:31:12.859,3246,2.6158,79.27,MALO,Sesión 03/05/2026 10:30
364,2026-05-03,10:31:12.922,3220,2.5949,78.63,MALO,Sesión 03/05/2026 10:30
365,2026-05-03,10:31:12.983,3240,2.611,79.12,MALO,Sesión 03/05/2026 10:30
366,2026-05-03,10:31:13.099,3310,2.6674,80.83,MALO,Sesión 03/05/2026 10:30
367,2026-05-03,10:31:13.159,3057,2.4635,74.65,MALO,Sesión 03/05/2026 10:30
368,2026-05-03,10:31:13.229,3271,2.636,79.88,MALO,Sesión 03/05/2026 10:30
369,2026-05-03,10:31:13.350,3194,2.5739,78.0,MALO,Sesión 03/05/2026 10:30
370,2026-05-03,10:31:13.409,3051,2.4587,74.51,MALO,Sesión 03/05/2026 10:30
371,2026-05-03,10:31:13.474,3073,2.4764,75.04,MALO,Sesión 03/05/2026 10:30
372,2026-05-03,10:31:13.589,2985,2.4055,72.89,MALO,Sesión 03/05/2026 10:30
373,2026-05-03,10:31:13.651,2890,2.3289,70.57,MALO,Sesión 03/05/2026 10:30
374,2026-05-03,10:31:13.714,2964,2.3886,72.38,MALO,Sesión 03/05/2026 10:30
375,2026-05-03,10:31:13.835,2861,2.3056,69.87,MALO,Sesión 03/05/2026 10:30
376,2026-05-03,10:31:13.898,2894,2.3322,70.67,MALO,Sesión 03/05/2026 10:30
377,2026-05-03,10:31:13.961,2811,2.2653,68.64,MALO,Sesión 03/05/2026 10:30
378,2026-05-03,10:31:14.025,2711,2.1847,66.2,MALO,Sesión 03/05/2026 10:30
379,2026-05-03,10:31:14.154,2780,2.2403,67.89,MALO,Sesión 03/05/2026 10:30
380,2026-05-03,10:31:14.221,2675,2.1557,65.32,MODERADO,Sesión 03/05/2026 10:30
381,2026-05-03,10:31:14.285,2605,2.0993,63.61,MODERADO,Sesión 03/05/2026 10:30
382,2026-05-03,10:31:14.350,2512,2.0243,61.34,MODERADO,Sesión 03/05/2026 10:30
383,2026-05-03,10:31:14.472,2499,2.0138,61.03,MODERADO,Sesión 03/05/2026 10:30
384,2026-05-03,10:31:14.547,2455,1.9784,59.95,MODERADO,Sesión 03/05/2026 10:30
385,2026-05-03,10:31:14.613,2410,1.9421,58.85,MODERADO,Sesión 03/05/2026 10:30
386,2026-05-03,10:31:14.680,2364,1.9051,57.73,MODERADO,Sesión 03/05/2026 10:30
387,2026-05-03,10:31:14.747,2224,1.7922,54.31,MODERADO,Sesión 03/05/2026 10:30
388,2026-05-03,10:31:14.864,2319,1.8688,56.63,MODERADO,Sesión 03/05/2026 10:30
389,2026-05-03,10:31:14.928,2055,1.656,50.18,MODERADO,Sesión 03/05/2026 10:30
390,2026-05-03,10:31:14.993,2253,1.8156,55.02,MODERADO,Sesión 03/05/2026 10:30
391,2026-05-03,10:31:15.110,1995,1.6077,48.72,BUENO,Sesión 03/05/2026 10:30
392,2026-05-03,10:31:15.172,2137,1.7221,52.19,MODERADO,Sesión 03/05/2026 10:30
393,2026-05-03,10:31:15.238,2001,1.6125,48.86,MODERADO,Sesión 03/05/2026 10:30
394,2026-05-03,10:31:15.359,1990,1.6037,48.6,BUENO,Sesión 03/05/2026 10:30
395,2026-05-03,10:31:15.423,1747,1.4078,42.66,BUENO,Sesión 03/05/2026 10:30
396,2026-05-03,10:31:15.488,1833,1.4771,44.76,BUENO,Sesión 03/05/2026 10:30
397,2026-05-03,10:31:15.555,1766,1.4232,43.13,BUENO,Sesión 03/05/2026 10:30
398,2026-05-03,10:31:15.675,1700,1.37,41.51,BUENO,Sesión 03/05/2026 10:30
399,2026-05-03,10:31:15.740,1573,1.2676,38.41,BUENO,Sesión 03/05/2026 10:30
400,2026-05-03,10:31:15.804,1485,1.1967,36.26,BUENO,Sesión 03/05/2026 10:30
401,2026-05-03,10:31:15.877,1456,1.1733,35.56,BUENO,Sesión 03/05/2026 10:30
402,2026-05-03,10:31:15.960,1493,1.2032,36.46,BUENO,Sesión 03/05/2026 10:30
403,2026-05-03,10:31:16.068,1481,1.1935,36.17,BUENO,Sesión 03/05/2026 10:30
404,2026-05-03,10:31:16.194,1528,1.2314,37.31,BUENO,Sesión 03/05/2026 10:30
405,2026-05-03,10:31:16.194,1248,1.0057,30.48,BUENO,Sesión 03/05/2026 10:30
406,2026-05-03,10:31:16.289,1337,1.0774,32.65,BUENO,Sesión 03/05/2026 10:30
407,2026-05-03,10:31:16.364,1304,1.0508,31.84,BUENO,Sesión 03/05/2026 10:30
408,2026-05-03,10:31:16.487,1293,1.042,31.58,BUENO,Sesión 03/05/2026 10:30
409,2026-05-03,10:31:16.557,1165,0.9388,28.45,EXCELENTE,Sesión 03/05/2026 10:30
410,2026-05-03,10:31:16.623,1091,0.8792,26.64,EXCELENTE,Sesión 03/05/2026 10:30
411,2026-05-03,10:31:16.690,1009,0.8131,24.64,EXCELENTE,Sesión 03/05/2026 10:30
412,2026-05-03,10:31:16.757,1066,0.859,26.03,EXCELENTE,Sesión 03/05/2026 10:30
413,2026-05-03,10:31:16.877,1044,0.8413,25.49,EXCELENTE,Sesión 03/05/2026 10:30
414,2026-05-03,10:31:16.950,920,0.7414,22.47,EXCELENTE,Sesión 03/05/2026 10:30
415,2026-05-03,10:31:17.017,849,0.6842,20.73,EXCELENTE,Sesión 03/05/2026 10:30
416,2026-05-03,10:31:17.085,967,0.7793,23.61,EXCELENTE,Sesión 03/05/2026 10:30
417,2026-05-03,10:31:17.208,880,0.7092,21.49,EXCELENTE,Sesión 03/05/2026 10:30
418,2026-05-03,10:31:17.275,782,0.6302,19.1,EXCELENTE,Sesión 03/05/2026 10:30
419,2026-05-03,10:31:17.341,877,0.7067,21.42,EXCELENTE,Sesión 03/05/2026 10:30
420,2026-05-03,10:31:17.408,777,0.6262,18.97,EXCELENTE,Sesión 03/05/2026 10:30
421,2026-05-03,10:31:17.529,845,0.681,20.63,EXCELENTE,Sesión 03/05/2026 10:30
422,2026-05-03,10:31:17.601,631,0.5085,15.41,EXCELENTE,Sesión 03/05/2026 10:30
423,2026-05-03,10:31:17.672,714,0.5754,17.44,EXCELENTE,Sesión 03/05/2026 10:30
424,2026-05-03,10:31:17.749,620,0.4996,15.14,EXCELENTE,Sesión 03/05/2026 10:30
425,2026-05-03,10:31:17.818,674,0.5432,16.46,EXCELENTE,Sesión 03/05/2026 10:30
426,2026-05-03,10:31:17.892,640,0.5158,15.63,EXCELENTE,Sesión 03/05/2026 10:30
427,2026-05-03,10:31:17.962,512,0.4126,12.5,EXCELENTE,Sesión 03/05/2026 10:30
428,2026-05-03,10:31:18.088,702,0.5657,17.14,EXCELENTE,Sesión 03/05/2026 10:30
429,2026-05-03,10:31:18.156,602,0.4851,14.7,EXCELENTE,Sesión 03/05/2026 10:30
430,2026-05-03,10:31:18.225,763,0.6149,18.63,EXCELENTE,Sesión 03/05/2026 10:30
431,2026-05-03,10:31:18.296,616,0.4964,15.04,EXCELENTE,Sesión 03/05/2026 10:30
432,2026-05-03,10:31:18.368,640,0.5158,15.63,EXCELENTE,Sesión 03/05/2026 10:30
433,2026-05-03,10:31:18.490,729,0.5875,17.8,EXCELENTE,Sesión 03/05/2026 10:30
434,2026-05-03,10:31:18.558,673,0.5423,16.43,EXCELENTE,Sesión 03/05/2026 10:30
435,2026-05-03,10:31:18.630,548,0.4416,13.38,EXCELENTE,Sesión 03/05/2026 10:30
436,2026-05-03,10:31:18.701,574,0.4626,14.02,EXCELENTE,Sesión 03/05/2026 10:30
437,2026-05-03,10:31:18.772,650,0.5238,15.87,EXCELENTE,Sesión 03/05/2026 10:30
438,2026-05-03,10:31:18.901,646,0.5206,15.78,EXCELENTE,Sesión 03/05/2026 10:30
439,2026-05-03,10:31:18.978,704,0.5673,17.19,EXCELENTE,Sesión 03/05/2026 10:30
440,2026-05-03,10:31:19.053,684,0.5512,16.7,EXCELENTE,Sesión 03/05/2026 10:30
441,2026-05-03,10:31:19.127,686,0.5528,16.75,EXCELENTE,Sesión 03/05/2026 10:30
442,2026-05-03,10:31:19.199,729,0.5875,17.8,EXCELENTE,Sesión 03/05/2026 10:30
443,2026-05-03,10:31:19.272,739,0.5955,18.05,EXCELENTE,Sesión 03/05/2026 10:30
444,2026-05-03,10:31:19.347,730,0.5883,17.83,EXCELENTE,Sesión 03/05/2026 10:30
445,2026-05-03,10:31:19.419,701,0.5649,17.12,EXCELENTE,Sesión 03/05/2026 10:30
446,2026-05-03,10:31:19.491,870,0.7011,21.25,EXCELENTE,Sesión 03/05/2026 10:30
447,2026-05-03,10:31:19.620,831,0.6697,20.29,EXCELENTE,Sesión 03/05/2026 10:30
448,2026-05-03,10:31:19.695,913,0.7358,22.3,EXCELENTE,Sesión 03/05/2026 10:30
449,2026-05-03,10:31:19.768,858,0.6914,20.95,EXCELENTE,Sesión 03/05/2026 10:30
450,2026-05-03,10:31:19.844,1023,0.8244,24.98,EXCELENTE,Sesión 03/05/2026 10:30
451,2026-05-03,10:31:19.918,1040,0.8381,25.4,EXCELENTE,Sesión 03/05/2026 10:30
452,2026-05-03,10:31:19.991,1140,0.9187,27.84,EXCELENTE,Sesión 03/05/2026 10:30
453,2026-05-03,10:31:20.064,1127,0.9082,27.52,EXCELENTE,Sesión 03/05/2026 10:30
454,2026-05-03,10:31:20.141,1073,0.8647,26.2,EXCELENTE,Sesión 03/05/2026 10:30
455,2026-05-03,10:31:20.219,1132,0.9122,27.64,EXCELENTE,Sesión 03/05/2026 10:30
456,2026-05-03,10:31:20.292,1239,0.9985,30.26,BUENO,Sesión 03/05/2026 10:30
457,2026-05-03,10:31:20.425,1260,1.0154,30.77,BUENO,Sesión 03/05/2026 10:30
458,2026-05-03,10:31:20.499,1187,0.9566,28.99,EXCELENTE,Sesión 03/05/2026 10:30
459,2026-05-03,10:31:20.572,1250,1.0073,30.53,BUENO,Sesión 03/05/2026 10:30
460,2026-05-03,10:31:20.653,1331,1.0726,32.5,BUENO,Sesión 03/05/2026 10:30
461,2026-05-03,10:31:20.739,1443,1.1629,35.24,BUENO,Sesión 03/05/2026 10:30
462,2026-05-03,10:31:20.827,1566,1.262,38.24,BUENO,Sesión 03/05/2026 10:30
463,2026-05-03,10:31:20.907,1631,1.3144,39.83,BUENO,Sesión 03/05/2026 10:30
464,2026-05-03,10:31:20.989,1606,1.2942,39.22,BUENO,Sesión 03/05/2026 10:30
465,2026-05-03,10:31:21.070,1776,1.4312,43.37,BUENO,Sesión 03/05/2026 10:30
466,2026-05-03,10:31:21.147,1736,1.399,42.39,BUENO,Sesión 03/05/2026 10:30
467,2026-05-03,10:31:21.225,1703,1.3724,41.59,BUENO,Sesión 03/05/2026 10:30
468,2026-05-03,10:31:21.304,1803,1.453,44.03,BUENO,Sesión 03/05/2026 10:30
469,2026-05-03,10:31:21.384,1893,1.5255,46.23,BUENO,Sesión 03/05/2026 10:30
470,2026-05-03,10:31:21.464,1822,1.4683,44.49,BUENO,Sesión 03/05/2026 10:30
471,2026-05-03,10:31:21.542,2055,1.656,50.18,MODERADO,Sesión 03/05/2026 10:30
472,2026-05-03,10:31:21.624,2093,1.6867,51.11,MODERADO,Sesión 03/05/2026 10:30
473,2026-05-03,10:31:21.702,1974,1.5908,48.21,BUENO,Sesión 03/05/2026 10:30
474,2026-05-03,10:31:21.777,2247,1.8108,54.87,MODERADO,Sesión 03/05/2026 10:30
475,2026-05-03,10:31:21.853,2151,1.7334,52.53,MODERADO,Sesión 03/05/2026 10:30
476,2026-05-03,10:31:21.927,2348,1.8922,57.34,MODERADO,Sesión 03/05/2026 10:30
477,2026-05-03,10:31:22.006,2345,1.8897,57.26,MODERADO,Sesión 03/05/2026 10:30
478,2026-05-03,10:31:22.086,2395,1.93,58.49,MODERADO,Sesión 03/05/2026 10:30
479,2026-05-03,10:31:22.167,2460,1.9824,60.07,MODERADO,Sesión 03/05/2026 10:30
480,2026-05-03,10:31:22.246,2462,1.984,60.12,MODERADO,Sesión 03/05/2026 10:30
481,2026-05-03,10:31:22.323,2507,2.0203,61.22,MODERADO,Sesión 03/05/2026 10:30
482,2026-05-03,10:31:22.400,2587,2.0848,63.17,MODERADO,Sesión 03/05/2026 10:30
483,2026-05-03,10:31:22.478,2641,2.1283,64.49,MODERADO,Sesión 03/05/2026 10:30
484,2026-05-03,10:31:22.559,2690,2.1678,65.69,MODERADO,Sesión 03/05/2026 10:30
485,2026-05-03,10:31:22.643,2804,2.2596,68.47,MALO,Sesión 03/05/2026 10:30
486,2026-05-03,10:31:22.721,2788,2.2467,68.08,MALO,Sesión 03/05/2026 10:30
487,2026-05-03,10:31:22.803,2961,2.3862,72.31,MALO,Sesión 03/05/2026 10:30
488,2026-05-03,10:31:22.882,2752,2.2177,67.2,MALO,Sesión 03/05/2026 10:30
489,2026-05-03,10:31:22.960,2893,2.3314,70.65,MALO,Sesión 03/05/2026 10:30
490,2026-05-03,10:31:23.039,2873,2.3152,70.16,MALO,Sesión 03/05/2026 10:30
491,2026-05-03,10:31:23.122,3037,2.4474,74.16,MALO,Sesión 03/05/2026 10:30
492,2026-05-03,10:31:23.207,3090,2.4901,75.46,MALO,Sesión 03/05/2026 10:30
493,2026-05-03,10:31:23.296,3099,2.4974,75.68,MALO,Sesión 03/05/2026 10:30
494,2026-05-03,10:31:23.376,3140,2.5304,76.68,MALO,Sesión 03/05/2026 10:30
495,2026-05-03,10:31:23.456,3201,2.5796,78.17,MALO,Sesión 03/05/2026 10:30
496,2026-05-03,10:31:23.534,3176,2.5594,77.56,MALO,Sesión 03/05/2026 10:30
497,2026-05-03,10:31:23.613,3144,2.5336,76.78,MALO,Sesión 03/05/2026 10:30
498,2026-05-03,10:31:23.694,3212,2.5884,78.44,MALO,Sesión 03/05/2026 10:30
499,2026-05-03,10:31:23.774,3228,2.6013,78.83,MALO,Sesión 03/05/2026 10:30
500,2026-05-03,10:31:23.860,3307,2.665,80.76,MALO,Sesión 03/05/2026 10:30
501,2026-05-03,10:31:23.943,3361,2.7085,82.08,MALO,Sesión 03/05/2026 10:30
502,2026-05-03,10:31:24.027,3240,2.611,79.12,MALO,Sesión 03/05/2026 10:30
503,2026-05-03,10:31:24.114,3305,2.6634,80.71,MALO,Sesión 03/05/2026 10:30
504,2026-05-03,10:31:24.197,3326,2.6803,81.22,MALO,Sesión 03/05/2026 10:30
505,2026-05-03,10:31:24.282,3354,2.7029,81.9,MALO,Sesión 03/05/2026 10:30
506,2026-05-03,10:31:24.367,3427,2.7617,83.69,PELIGROSO,Sesión 03/05/2026 10:30
507,2026-05-03,10:31:24.448,3393,2.7343,82.86,MALO,Sesión 03/05/2026 10:30
508,2026-05-03,10:31:24.530,3368,2.7141,82.25,MALO,Sesión 03/05/2026 10:30
509,2026-05-03,10:31:24.619,3349,2.6988,81.78,MALO,Sesión 03/05/2026 10:30
510,2026-05-03,10:31:24.702,3433,2.7665,83.83,PELIGROSO,Sesión 03/05/2026 10:30
511,2026-05-03,10:31:24.786,3460,2.7883,84.49,PELIGROSO,Sesión 03/05/2026 10:30
512,2026-05-03,10:31:24.870,3266,2.6319,79.76,MALO,Sesión 03/05/2026 10:30
513,2026-05-03,10:31:24.956,3495,2.8165,85.35,PELIGROSO,Sesión 03/05/2026 10:30
514,2026-05-03,10:31:24.956,3388,2.7303,82.74,MALO,Sesión 03/05/2026 10:30
515,2026-05-03,10:31:25.041,3384,2.727,82.64,MALO,Sesión 03/05/2026 10:30
516,2026-05-03,10:31:25.127,3382,2.7254,82.59,MALO,Sesión 03/05/2026 10:30
517,2026-05-03,10:31:25.212,3301,2.6601,80.61,MALO,Sesión 03/05/2026 10:30
518,2026-05-03,10:31:25.299,3392,2.7335,82.83,MALO,Sesión 03/05/2026 10:30
519,2026-05-03,10:31:25.385,3283,2.6456,80.17,MALO,Sesión 03/05/2026 10:30
520,2026-05-03,10:31:25.540,3289,2.6505,80.32,MALO,Sesión 03/05/2026 10:30
521,2026-05-03,10:31:25.541,3307,2.665,80.76,MALO,Sesión 03/05/2026 10:30
522,2026-05-03,10:31:25.647,3334,2.6867,81.42,MALO,Sesión 03/05/2026 10:30
523,2026-05-03,10:31:25.747,3242,2.6126,79.17,MALO,Sesión 03/05/2026 10:30
524,2026-05-03,10:31:25.833,3156,2.5433,77.07,MALO,Sesión 03/05/2026 10:30
525,2026-05-03,10:31:25.918,3105,2.5022,75.82,MALO,Sesión 03/05/2026 10:30
526,2026-05-03,10:31:25.918,3196,2.5755,78.05,MALO,Sesión 03/05/2026 10:30
527,2026-05-03,10:31:26.002,3198,2.5771,78.1,MALO,Sesión 03/05/2026 10:30
528,2026-05-03,10:31:26.089,3078,2.4804,75.16,MALO,Sesión 03/05/2026 10:30
529,2026-05-03,10:31:26.182,2908,2.3434,71.01,MALO,Sesión 03/05/2026 10:30
530,2026-05-03,10:31:26.279,3044,2.453,74.33,MALO,Sesión 03/05/2026 10:30
531,2026-05-03,10:31:26.371,2901,2.3378,70.84,MALO,Sesión 03/05/2026 10:30
532,2026-05-03,10:31:26.462,2950,2.3773,72.04,MALO,Sesión 03/05/2026 10:30
533,2026-05-03,10:31:26.551,2987,2.4071,72.94,MALO,Sesión 03/05/2026 10:30
534,2026-05-03,10:31:26.638,2862,2.3064,69.89,MALO,Sesión 03/05/2026 10:30
535,2026-05-03,10:31:26.728,2873,2.3152,70.16,MALO,Sesión 03/05/2026 10:30
536,2026-05-03,10:31:26.729,2710,2.1839,66.18,MALO,Sesión 03/05/2026 10:30
537,2026-05-03,10:31:26.816,2750,2.2161,67.16,MALO,Sesión 03/05/2026 10:30
538,2026-05-03,10:31:26.918,2789,2.2475,68.11,MALO,Sesión 03/05/2026 10:30
539,2026-05-03,10:31:27.021,2675,2.1557,65.32,MODERADO,Sesión 03/05/2026 10:30
540,2026-05-03,10:31:27.113,2462,1.984,60.12,MODERADO,Sesión 03/05/2026 10:30
